{
  "model": "xgb",
  "scores": {
    "accuracy": 0.9,
    "precision": 0.8846153846153846,
    "recall": 0.92,
    "f1": 0.9019607843137255,
    "roc_auc": 0.8943999999999999
  },
  "tuned_params": {},
  "model_artifact": "models\\model_xgb.joblib",
  "pipeline_artifact": null
}